submission_name,submission_text,body,label
David Bautista Covered Manny Pacquiao Tattoo After Homophobic Statement,,"Nakakahiya mindset ng mga pinoy. Ang tagal na nito pero di ko talaga malimutan sinabi ni pacquiao, ganun ganun nalang sa kanya yun? Depensa pa ng mga yan may mga tropa silang LGBTQ, so tuwing kinakausap nila sila at the back of their mind, tingin sa kaibigan nila mas masahol sa hayop?
Sayang aalis na si Dave sa GotG, hindi pa nila naa-adapt in live action yung anak ni Drax sa comics na lesbian huhu",1
David Bautista Covered Manny Pacquiao Tattoo After Homophobic Statement,,dave bautista filipino pride W,1
David Bautista Covered Manny Pacquiao Tattoo After Homophobic Statement,,Suntukan na yan.,1
David Bautista Covered Manny Pacquiao Tattoo After Homophobic Statement,,Daddier na naging daddiest pa!,1
David Bautista Covered Manny Pacquiao Tattoo After Homophobic Statement,,I know Dave's shirt is supposed to represent the rainbow coalition pero ko di talaga maiwasang isipin yung dating logo ng GMA.,1
David Bautista Covered Manny Pacquiao Tattoo After Homophobic Statement,,Based Bautista,1
David Bautista Covered Manny Pacquiao Tattoo After Homophobic Statement,,slay,1
David Bautista Covered Manny Pacquiao Tattoo After Homophobic Statement,,"‚ÄúMasahol pa sa hayop‚Äù were the exact words, IIRC",1
David Bautista Covered Manny Pacquiao Tattoo After Homophobic Statement,,"Homophobic talaga yan si Pacquiao eh, talagang he's just trying to make his image clean para sa PR niya. Mayabang yan in reality and homo.",1
David Bautista Covered Manny Pacquiao Tattoo After Homophobic Statement,,"We had joy we had pan Hapi Nyu Yir Ebriwan 
Deet Aprika",1
David Bautista Covered Manny Pacquiao Tattoo After Homophobic Statement,,KING‚ÄºÔ∏è,1
David Bautista Covered Manny Pacquiao Tattoo After Homophobic Statement,,Moral of the story is wag mag pa tattoo basta basta. Hehe,1
David Bautista Covered Manny Pacquiao Tattoo After Homophobic Statement,,"Pacquiao is a good athlete, but a horrible person.",1
David Bautista Covered Manny Pacquiao Tattoo After Homophobic Statement,,Si Manny pala tinutukoy ni Dave about doon sa tattoo niya about sa other post na nakita ko.,1
David Bautista Covered Manny Pacquiao Tattoo After Homophobic Statement,,nakota ko rin tong post na  to sa r/MadeMeSmile di ko alam na si pacquiao pala tinutukoy nya,1
David Bautista Covered Manny Pacquiao Tattoo After Homophobic Statement,,"Malaking issue na rin to before eh, naalala ko pa sabi ni Batista na disappointed siya kay Pacquiao and nawala ung nike sponsorship niya. Tapos may isang brand na sabi na matagal na daw walang contract sa kanila si Pacquiao",1
David Bautista Covered Manny Pacquiao Tattoo After Homophobic Statement,,"Mental gymnasts be like ""e pano ka pinakanak kung lesbian nanay mo?"" 
Minsan ayoko na mag-isip",1
David Bautista Covered Manny Pacquiao Tattoo After Homophobic Statement,,Batista Bomb mo si Pacquiao,1
David Bautista Covered Manny Pacquiao Tattoo After Homophobic Statement,,"Remember nong nagsunog ng mga Nike products iyong mga ibang Pinoy in retaliation sa pag drop ng brand kay Pacquiao?
Loooool",0
David Bautista Covered Manny Pacquiao Tattoo After Homophobic Statement,,"I admit, I still idolize Manny Pacquiao as a boxer, pero dahil sa pagiging homophobic niya, mas lalong nababawasan ang respeto ko sa kaniya.",0
David Bautista Covered Manny Pacquiao Tattoo After Homophobic Statement,,Tagal na nyan.,0
David Bautista Covered Manny Pacquiao Tattoo After Homophobic Statement,,"King üëë nung nasa wrestling pa lang siya, bilib na ako kay Bautista.",
David Bautista Covered Manny Pacquiao Tattoo After Homophobic Statement,,"Natatawa ko sa sabi nyang ‚ÄúIt's common sense. Do you see animals mating with the same sex? Animals are better because they can distinguish male from female,‚Äù kaya pala yung dalawang babaeng shih tzu dito na magkapatid pag may dalaw nagtsutsuktsukan.",1
David Bautista Covered Manny Pacquiao Tattoo After Homophobic Statement,,Pacquiao vs Batista 2023,1
David Bautista Covered Manny Pacquiao Tattoo After Homophobic Statement,,Only knew now that Pacquiao is a h*mphobe ¬Ø‚Å†\‚Å†‚Å†‡ºº‚Å†·¥º‚Å†ŸÑÕú‚Å†·¥º‚Å†‡ºΩ‚Å†‚Å†/‚Å†¬Ø the more u know eberiwan,0
David Bautista Covered Manny Pacquiao Tattoo After Homophobic Statement,,"Dapat noon pa kinancel na si Pacquiao dahil homophobe siya, pero binoto pa rin siya as senator at gusto pa niya maging presidente last 2022 (buti lang tayo siya).",1
David Bautista Covered Manny Pacquiao Tattoo After Homophobic Statement,,"Tama naman yun. May iba lang talaga sa pagkakasabi ni pacquiao. Why would you ask a boxer with no formal education and basic knowledge lang sa religion na wala naman talagang maiintindihan sa kahit anong paliwanag mo kasi nasa kultura at environment na niya ang nakaka influence. Di ko siya dinedefend but we should know where he is coming from. Sana lang may redemption for him kasi di pa naman huli ang lahat. Kung ganon talaga point niya, edi wala nang magagawa.",1
David Bautista Covered Manny Pacquiao Tattoo After Homophobic Statement,,Bruh poor Dad,0
David Bautista Covered Manny Pacquiao Tattoo After Homophobic Statement,,Nakakatawa kasi may history si Pacquiao nang pamamakla para makasurvive lang sya sa pangboboxing nya noong nakikipagsapalaran palang sya. Mismong mamita niya nagsabi after nya magbitaw ng mga homophobic bs. Hypocrisyyyy,1
David Bautista Covered Manny Pacquiao Tattoo After Homophobic Statement,,Batista vs Pacquiao. Hell in a cell match. Book it it Trips,1
David Bautista Covered Manny Pacquiao Tattoo After Homophobic Statement,,BASEDDD,0
David Bautista Covered Manny Pacquiao Tattoo After Homophobic Statement,,"Paquiao never really took back his comments about it, did he?
Kudos to Dave, meron siyang paninindigan.",0
David Bautista Covered Manny Pacquiao Tattoo After Homophobic Statement,,i say slay,0
David Bautista Covered Manny Pacquiao Tattoo After Homophobic Statement,,Laki talaga ng bibig ni Pacquiao kakabwisit amputa.,0
David Bautista Covered Manny Pacquiao Tattoo After Homophobic Statement,,"Funny thing about this is defended padin si Manny ng mga pinoy sa FB. Meron pa nagcomment ""I like Manny. I don't like this guy""  
Mga utak talaga ng generation ni Manny wala sa ulo.",0
David Bautista Covered Manny Pacquiao Tattoo After Homophobic Statement,,Batista üëë,0
David Bautista Covered Manny Pacquiao Tattoo After Homophobic Statement,,"Bakla Yan si Manny,di niyang lang pinapakiya",0
David Bautista Covered Manny Pacquiao Tattoo After Homophobic Statement,,Ako lang ba yung natuwa nung natalo si Pacquiao kay Mayweather? lol,1
David Bautista Covered Manny Pacquiao Tattoo After Homophobic Statement,,"Oo naman dave! ""Friend"" mo sya nung panahon ng kasikatan at kalakasan nya diba?",1
David Bautista Covered Manny Pacquiao Tattoo After Homophobic Statement,,I LOVE U DANTE GULAPA,1
David Bautista Covered Manny Pacquiao Tattoo After Homophobic Statement,,Masyado nyo naman cinocock suck si batista.,1
David Bautista Covered Manny Pacquiao Tattoo After Homophobic Statement,,"2016 pa pala to eh, bat hinuhukay pa?",1
David Bautista Covered Manny Pacquiao Tattoo After Homophobic Statement,,Dabest ka Drax,1
David Bautista Covered Manny Pacquiao Tattoo After Homophobic Statement,,si manny pala yun. napanood ko yung video dun sa tattoo pati yung mukha ni cillian murphy ü§£,1
David Bautista Covered Manny Pacquiao Tattoo After Homophobic Statement,,"Pinanood ko yung video kahapon, naintriga ako kung sino. Si Pacquiao lang pala yun.",1
David Bautista Covered Manny Pacquiao Tattoo After Homophobic Statement,,W Dave Bautista,1
David Bautista Covered Manny Pacquiao Tattoo After Homophobic Statement,,Naalala ko tuloy yung joke ni Dave Chappelle about kay Manny xD,1
David Bautista Covered Manny Pacquiao Tattoo After Homophobic Statement,,Batista bomb na yan!,1
David Bautista Covered Manny Pacquiao Tattoo After Homophobic Statement,,ano ba tanong ni [USERNAME]?,1
David Bautista Covered Manny Pacquiao Tattoo After Homophobic Statement,,TIL Dave Bautista is Filipino.,1
David Bautista Covered Manny Pacquiao Tattoo After Homophobic Statement,,Pacquiao is a great boxer kaso kitang kita ung ugali din sa mga public statements nya,1
David Bautista Covered Manny Pacquiao Tattoo After Homophobic Statement,,Pweh bading lang kayo eh,1
David Bautista Covered Manny Pacquiao Tattoo After Homophobic Statement,,Batista VS Paquiao 2023 WWE EXTREME RULES,1
David Bautista Covered Manny Pacquiao Tattoo After Homophobic Statement,,"Respect Batista for siding to his mother and accepting her sexuality and respect for Manny Pacquiao's beliefs in life.
Wala naman problema kung irerespeto natin views nilang 2 kahit polar opposites pa yan.",1
David Bautista Covered Manny Pacquiao Tattoo After Homophobic Statement,,Batista for Kratos LET‚ÄôS GOOOOO,1
David Bautista Covered Manny Pacquiao Tattoo After Homophobic Statement,,"Didn't even realize na 2016 pa niya sinabi yun, felt more recent. Ito agad naaalala ko whenever anybody brings up Pacquiao kasi ang gago talaga lol.",1
David Bautista Covered Manny Pacquiao Tattoo After Homophobic Statement,,Si Pacquiao lang at ang mga pinoys na kapareho sa isip niya,1
David Bautista Covered Manny Pacquiao Tattoo After Homophobic Statement,,Hindi nakakahiya ang mindset ng pinoy. Ang nakakahiya yung mga sumusunod sa mga woke beliefs na mga kano. Hindi ako religious at hindi ako supporter ni pacman sa senate pero i believe na there is nothing wrong with what he said.,1
David Bautista Covered Manny Pacquiao Tattoo After Homophobic Statement,,"mas masahol sa hayop

May kilala ako. Works in tech, mid manager. Sa lunch break namin sabi nya tama daw si Manny. ""Mas marunong pa hayop"" or something. Yikes. Buti hindi ko ka-team.",1
David Bautista Covered Manny Pacquiao Tattoo After Homophobic Statement,,"I had no idea Dave was Filipino.
Hari as fuck.",1
David Bautista Covered Manny Pacquiao Tattoo After Homophobic Statement,,"His mom is Greek, his dad is Filipino.",1
David Bautista Covered Manny Pacquiao Tattoo After Homophobic Statement,,How big is batista's dick?,1
David Bautista Covered Manny Pacquiao Tattoo After Homophobic Statement,,Batistabam!!,1
David Bautista Covered Manny Pacquiao Tattoo After Homophobic Statement,,"Bro as skilled as Manny is as a boxer, isang suntok lang ni Batista tulog na si Pacman.",1
David Bautista Covered Manny Pacquiao Tattoo After Homophobic Statement,,sana katulad nya rin tumawa si jimmy,1
David Bautista Covered Manny Pacquiao Tattoo After Homophobic Statement,,"the West will cancel Pacquiao, mga pinoy ita trashtalk si Dave na kala mo naman kilala nila. Naiimagine ko na comment section pag binalita to",1
David Bautista Covered Manny Pacquiao Tattoo After Homophobic Statement,,Kapal pa ng mukha mag announce na babalik siya sa ring haha wala na siguro pang pondo kay jinky,1
David Bautista Covered Manny Pacquiao Tattoo After Homophobic Statement,,Marami sa nag chacharity kuno eh para hindi mag bayad ng tax,1
David Bautista Covered Manny Pacquiao Tattoo After Homophobic Statement,,"Napaghahalataan ang edad a. Nothing wrong with that, though. üòÑ",1
David Bautista Covered Manny Pacquiao Tattoo After Homophobic Statement,,"Hindi lang siya basta boxer nung sinabi nya yan, public official din sya. Nasa congress iirc. Sana naman as a public official, wag naman idehumanize ang mga taong kasama sa pinaglilingkuran niya.",1
David Bautista Covered Manny Pacquiao Tattoo After Homophobic Statement,,"Have ny upvote, nakita ata ito ng mga Manny stans",1
David Bautista Covered Manny Pacquiao Tattoo After Homophobic Statement,,Freedom of speech din ang ginawa ni bautista,1
David Bautista Covered Manny Pacquiao Tattoo After Homophobic Statement,,"It's like saying: 1945 pa pala tong kay Hitler bat hinuhukay pa? Lols.
Nag apologize na ba yan si Pacman sa mga LGBT?",1
David Bautista Covered Manny Pacquiao Tattoo After Homophobic Statement,,Mema lang.,1
David Bautista Covered Manny Pacquiao Tattoo After Homophobic Statement,,Snowflake for getting angry na sinabihan kami masahol pa sa hayop at kailangan mamatay? Aren't people allowed to get angry anymore?,1
David Bautista Covered Manny Pacquiao Tattoo After Homophobic Statement,,"banal na aso, santong boksingero",1
David Bautista Covered Manny Pacquiao Tattoo After Homophobic Statement,,"Workout at makeup routine pa lang, kapagod na. Naka shirt nga siya sa Holiday Special. I don't blame him.",1
David Bautista Covered Manny Pacquiao Tattoo After Homophobic Statement,,"Ako ay LGBT bago pa magkaroon ng ""woke culture"". Stop whitewashing ang right ko mabuhay. Hindi ""pang-kano"" and rights ko. Tingnan mo nga mga Babaylan natin mas may respect pa sa mga LGBT back before masakop tayo mga Espanyol.
Homosexual Babaylans during Pre-colonial era
Pls mag research ka muna bago mo burahin ang aking existence.",1
David Bautista Covered Manny Pacquiao Tattoo After Homophobic Statement,,"Sobra triggered na to, halatang common Redditor no life ampota. Wag iiyak sa downvotes di mo naman ikayayaman ang reddit karma mo",1
David Bautista Covered Manny Pacquiao Tattoo After Homophobic Statement,,Binabasag mo kasi trip ng sub na to na magalit nalang sa lahat by asking reasonable questions. Kaya walang sumasagot sa tanong mo haha.,1
David Bautista Covered Manny Pacquiao Tattoo After Homophobic Statement,,Baka around 2016 rin siya nagpa-tattoo para i-cover yung part kay Manny Pacquiao,1
David Bautista Covered Manny Pacquiao Tattoo After Homophobic Statement,,Ang tagal ko na tong di nababasa!! Hahaha. One of the best trolling na nakita ko sa internet.,1
David Bautista Covered Manny Pacquiao Tattoo After Homophobic Statement,,eat my longga dog,1
David Bautista Covered Manny Pacquiao Tattoo After Homophobic Statement,,As big as Manny Pacquiao,1
David Bautista Covered Manny Pacquiao Tattoo After Homophobic Statement,,"I'm for batista, pero man hahaha boxers are trained for those stuff kaya nga kahit basag na ang mukha e kaya pa din mag babad sa ring.",1
David Bautista Covered Manny Pacquiao Tattoo After Homophobic Statement,,Dafuq you saying? Boksingero pa rin yan si Pacman. As if naman tatama agad mga suntok ni Dave. Masyadong kang gigil boi.,1
David Bautista Covered Manny Pacquiao Tattoo After Homophobic Statement,,"Puro ka kuda, ikaw kaya maging boksingero /s",1
David Bautista Covered Manny Pacquiao Tattoo After Homophobic Statement,,"‚ÄúBatesta, delawan!‚Äù - sila",1
David Bautista Covered Manny Pacquiao Tattoo After Homophobic Statement,,"I saw it yesterday. Nakakahiya mga Pinoy kesyo matagal na daw, hinde naka move on",1
David Bautista Covered Manny Pacquiao Tattoo After Homophobic Statement,,He's been doing charity work long before he got as big as he is now tho. A person doesnt need to be exclusively bad or good as nothing is plainly black or white. Pwede naman mabait siya pero mayroon lang aspects na hindi maganda tulad ng pagiging homophobe niya.,1
David Bautista Covered Manny Pacquiao Tattoo After Homophobic Statement,,"Nah, youre not getting my point. Why would you ask someone without proper education? Without any knowledge of self liberty. Ang alam lang nyan eh boksing tapos tradisyonal na trapo politics. Madami din namang public official na kupal sa LGBT community pero bakit si Pacquiao lagi ang tinitira. Again, di ko siya dinedefend pero sana intindihin natin kung san siya nang galing at kung bakit ganon ang pananaw niya sa isyu. Yan problema sa cancel culture eh, porket di pasok sa view niyo yung sinabi ng isang tao (na pwede namang gawan ng paraan tulad ng maayos na diskurso at edukasyon), kinakansel niyo agad. Nagdala din naman si pacman ng karangalan sa bansa. Di lang talaga siya maalam sa kalayaan at pagiging liberated kaya ganon ang nasabi niya. Krisis sa pinas ang edukasyon at pagtuturo ng kritikal na pag iisip.",1
David Bautista Covered Manny Pacquiao Tattoo After Homophobic Statement,,Nagapologize na yata kasi tatakbo sya noon for Presidency lol,1
David Bautista Covered Manny Pacquiao Tattoo After Homophobic Statement,,"Dude's a great boxer

kaya pala, naaalog utak",1
David Bautista Covered Manny Pacquiao Tattoo After Homophobic Statement,,"Sablay talaga yan eh. Isa pa nyang analogy rh nung bata daw sya eh pagumuuwi sya ng gabi pinapalo sya ng nanay nya. Di daw sya magiging magaling na boxer kung hindi sya pinalo.
KINUMPARA NYA YUNG PAGPALO SA PAGPATAY SA ISANG TAO. So dapat pala pinatay na sya ni Aling Dionisia nung bata pa sya?",1
David Bautista Covered Manny Pacquiao Tattoo After Homophobic Statement,,Yep masyado daw sensitive nipples nya during Christmas season kaya ng sweater na lang sya .,1
David Bautista Covered Manny Pacquiao Tattoo After Homophobic Statement,,"Naisip ko lang, parang mas interesting nga kung may story sana yung mga minor character sa Guardians of the Galaxy no. It would be more exciting kesa dun kay America Chavez.",1
David Bautista Covered Manny Pacquiao Tattoo After Homophobic Statement,,Eye at voice acting magdadala haha,1
David Bautista Covered Manny Pacquiao Tattoo After Homophobic Statement,,Bagsak na katawan ni Paul ngayon dahil sa cardiac surgery nya,1
David Bautista Covered Manny Pacquiao Tattoo After Homophobic Statement,,And si The Beast din siya sa Dune pala.,1
David Bautista Covered Manny Pacquiao Tattoo After Homophobic Statement,,sinagot naman pala ng maayos yung question niya pero bakit sobra yung galit niya,1
David Bautista Covered Manny Pacquiao Tattoo After Homophobic Statement,,"I think nung campaign period may nakita ako sa tiktok na gays for manny, idk if he paid them or they rlly genuinely were campaigning for him. Para sakin di ko na makakalimutan yung comments nya ever.",1
David Bautista Covered Manny Pacquiao Tattoo After Homophobic Statement,,"So may development nga? Jusko reddit, di na pwede magtanong kasi may naooffend.",1
David Bautista Covered Manny Pacquiao Tattoo After Homophobic Statement,,"To be fair... nakita mo na yung edit at succeeding comments niya? Yung original question sounds condescending pero hindi naman dapat i-downvote--benefit of the doubt, kumbaga.
Pero sinagot naman pala nang maayos yung tanong niya pero nagdadabog pa rin sa comment section.",1
David Bautista Covered Manny Pacquiao Tattoo After Homophobic Statement,,"Tuwang tuwa pa sila iharass ako, as evidenced from the upvotes on the kys automod reply. 
Mga ungas, hindi yan yung kys watch report. Natrigger lang yan ng keyword na 5u1c1de.",1
David Bautista Covered Manny Pacquiao Tattoo After Homophobic Statement,,"Like I said, don't be mad I lash out against stupidity for mass downvoting because you all think I'm supporting Pacquiao.
Ironic na genshit impact player ka rin pala tulad ko. Ganyan mga naging kausap ko dito so wag ka magtaka kung medyo natriggered ako sa kanilang kabobohan.",1
David Bautista Covered Manny Pacquiao Tattoo After Homophobic Statement,,downvoted ka tuloy tsk tsk,1
David Bautista Covered Manny Pacquiao Tattoo After Homophobic Statement,,Kadiri nga eh. Para akong nasa comment section ng fb na puno ng 88M/DDS.,1
David Bautista Covered Manny Pacquiao Tattoo After Homophobic Statement,,Lol,1
David Bautista Covered Manny Pacquiao Tattoo After Homophobic Statement,,"Even though she's been dead for like 11 years now, mapapamura ung research teacher namin nito lmao
I can actually hear her screaming ""Daming error sa mga studies at ang tatamad niyo pa pero pagdating sa mga walang kwentang bagay ang gagaling niyo!!!"" üòÅüòÅüòÅ",1
David Bautista Covered Manny Pacquiao Tattoo After Homophobic Statement,,Kaso ginamitan siya ni Batista ng guillotine or arm triangle choke. Tapos noong nagising si Pacquiao binody slam siya ni Batista sa kalsada sabay binali ang buto gamit arm-bar. Walang nagawa yung tibay ng mukha ni Pacquiao,1
David Bautista Covered Manny Pacquiao Tattoo After Homophobic Statement,,"Di kailangan ni Batista suntukin si Pacquiao, isang Gable Grip to any basic grappling throws like Harai-Goshi, Uchi-Mata o kaya yung signature move niya sa WWE na Batista Bomb sa isang matigas na sahig, KO yan si Pacquiao or at least bali ang buto. Kung pumapalag pa, i-fufullmount lang siya ni Batista.
May pro MMA experience din kaya si Batista noong 2012 with a TKO win via ground and pound. I don't think Pacquiao can survive a full mount barrage against Batista üòÜ
6'4"" kaya si Batista with 120kg of Lean Muscle eh si Pacquiao 67kg at 5'5""",1
David Bautista Covered Manny Pacquiao Tattoo After Homophobic Statement,,"Tinanong si Pacquiao kung ano stand nya sa same-sex marriage dahil nung panahon na yun, senatorial aspirant sya at isa yan sa mga usapin na madalas tinatalakay kapag tumatakbo sa mga aspiring law-makers. Hindi lang basta bastang tanong yan para sa isang random na tao na may layong ipamukhang mali sya. 
At wut panong nakansel si Pacquiao eh meron pa rin naman syang malaking following, may platform at di nawala ang status nya bilang boxing legend. Baka sabihin mo pang nakansel sya ng mga sponsors nya eh private businesses yun na iniisip lang ay ang reputation ng brand nila. Iba kasi ang pagpupuna at pagkkansel. Sa pagpuna kay pacquiao, nanghihingi tayo ng accountability sa isang public official, na ideally, ang best interest ng kanyang pinaglilinkuran ang nasa isip. 
Also, bakit parang matters of politics lang yung tingin sa mga issues about LGBTQ+ imbis na kinikilala yung mga totoong tao na naaapektuhan dito?",1
David Bautista Covered Manny Pacquiao Tattoo After Homophobic Statement,,Leviticus hahahaha,1
David Bautista Covered Manny Pacquiao Tattoo After Homophobic Statement,,kahit IQ nya pang boxing lang din,1
David Bautista Covered Manny Pacquiao Tattoo After Homophobic Statement,,Hindi rin ibig sabihin na physically fit ay wala ng utak.,1
David Bautista Covered Manny Pacquiao Tattoo After Homophobic Statement,,Inamo Jinkee manahimik ka nga!,1
David Bautista Covered Manny Pacquiao Tattoo After Homophobic Statement,,"Wow. You're still at it. 
And please don't pretend na maayos yung interaction nyo sakin and ako lang yung nagiging unreasonable dito.",1
David Bautista Covered Manny Pacquiao Tattoo After Homophobic Statement,,"Silent nga siya diba, wlang development",1
David Bautista Covered Manny Pacquiao Tattoo After Homophobic Statement,,"there is no indication in this post that an interview happened

Edit mo [USERNAME] post mo. Ilagay mo yung link ng interview. Kakahiya sa kanya e.",1
David Bautista Covered Manny Pacquiao Tattoo After Homophobic Statement,,weird naman na ganyan yung nireport sayo. Anyare sa subreddit na to jusko hahahahaha.,1
David Bautista Covered Manny Pacquiao Tattoo After Homophobic Statement,,di kaya ng ibang tao sabihin na mali sila haha,1
David Bautista Covered Manny Pacquiao Tattoo After Homophobic Statement,,nagtataka nga ako eh bat kako dinownvote.,1
David Bautista Covered Manny Pacquiao Tattoo After Homophobic Statement,,"di kita kinakampihan porke genshin player ka etc etc.
may point naman sila at tinatry nila intindihin point mo, ikaw ung close minded dito masyado ka ng galit. hindi counted ang pageexplore ng sumeru for touching grass, need mo na talaga makaramdam ng damo",1
David Bautista Covered Manny Pacquiao Tattoo After Homophobic Statement,,"Mga comment dito ""who cares kung may development or not?"" Tapos sabay sasabihin na ""7 years is still relevant"" lmao.",1
David Bautista Covered Manny Pacquiao Tattoo After Homophobic Statement,,"Kahit bakat lang? Then what's the point of putting a prop penis kesa sa totoong penis na nakabakat lang? Kapag nakita naman ng minors yun tite pa rin naman maiisip nila HAHA (I'm not questioning your reply, I'm questioning the rule/law/protocol you've stated).",1
David Bautista Covered Manny Pacquiao Tattoo After Homophobic Statement,,r/ConfidentialityIncorrect,1
David Bautista Covered Manny Pacquiao Tattoo After Homophobic Statement,,Hahaha baliw na sa wrestling ang taong 'to e scripted naman yan. Iniisip mo talaga na walang ibubuga si pacman kay Bautista? Grow up dude.,1
David Bautista Covered Manny Pacquiao Tattoo After Homophobic Statement,,Kakanood mo ng Baki yan eh. Batista's stamina is shite. Pacman would run circles around him.,1
David Bautista Covered Manny Pacquiao Tattoo After Homophobic Statement,,lul,1
David Bautista Covered Manny Pacquiao Tattoo After Homophobic Statement,,Yung MMA bout ni Batista mukha lang sya tanga sa laban hahaha ibang iba sa energy nya sa WWE.,1
David Bautista Covered Manny Pacquiao Tattoo After Homophobic Statement,,galit ka kase na downvoted ü§∑‚Äç‚ôÄÔ∏è,1
David Bautista Covered Manny Pacquiao Tattoo After Homophobic Statement,,"Wow. Parang mga 88M at DDS bumanat tong mga to. LOL!
I'm done.",1
David Bautista Covered Manny Pacquiao Tattoo After Homophobic Statement,,tapos galit parin siya lmao,1
David Bautista Covered Manny Pacquiao Tattoo After Homophobic Statement,,hahahahahahahaha. Cancelled na kayo mga loko,1
David Bautista Covered Manny Pacquiao Tattoo After Homophobic Statement,,Huh? Pano mo nalaman na di straight man ang nagsulat sa post?,1
David Bautista Covered Manny Pacquiao Tattoo After Homophobic Statement,,"In a grappler vs striker match mas madalas talaga dehado ang striker lalo na kung pure boxer. 
For example
* Connor vs Khabib
* Oliveira vs Islam
* James Toney vs Randy Couture
Maliban na lang kung matuto si Pacquiao ng grappling, pero sa sobrang laki at bigat ni Batista I doubt Pacquiao can win.",1
David Bautista Covered Manny Pacquiao Tattoo After Homophobic Statement,,"I‚Äôll bet for Manny pero may 1% chance si Dave. Constant din ang training ni Dave plus may purple belt sya sa Jiujitsu. 
Yung kaliwa pa lang ni Manny, kita naman kung paano pa sya nagpigil kay DKY.",1
David Bautista Covered Manny Pacquiao Tattoo After Homophobic Statement,,"Kaso once ma-pin-down siya ni Batista, sa laki at bigat ni Batista wala magagawa boxing ni Pacquiao habang dinadaghanan siya",1
David Bautista Covered Manny Pacquiao Tattoo After Homophobic Statement,,"May development man o wala, anong problema? Sinabi lang yung reason kung bakit niya tinakpan yung tattoo. Ano gusto mo sabihin ni Dave?",1
David Bautista Covered Manny Pacquiao Tattoo After Homophobic Statement,,Tanginang commenter kasi to ahahaha. Na-downvote lang umiyak na. Sinagot naman pala nang maayos tapos di pa rin tapos sa pagdadabog? The design is very spoiled brat.,1
David Bautista Covered Manny Pacquiao Tattoo After Homophobic Statement,,"yan ikaw kase [USERNAME] hindi mo nilagay yung interview sa post mo, yan tuloy may nagalit dahil kulang sa context",1
David Bautista Covered Manny Pacquiao Tattoo After Homophobic Statement,,Ganun talaga. Predictable naman kung ano mangyayari haha,1
David Bautista Covered Manny Pacquiao Tattoo After Homophobic Statement,,Yes. Kung MMA ang laban.,1
David Bautista Covered Manny Pacquiao Tattoo After Homophobic Statement,,nasan ung harassment,1
David Bautista Covered Manny Pacquiao Tattoo After Homophobic Statement,,Sobrang naoffend siya sa downvotes üíÄ,1
David Bautista Covered Manny Pacquiao Tattoo After Homophobic Statement,,"üôÑ

At galit pa rin sya sa hindi ko naman sinabi. LMAO!",1
David Bautista Covered Manny Pacquiao Tattoo After Homophobic Statement,,"may mga sumasagot naman which is good, may isa naman sumagot ng amaccana accla jusko hahahaha.",1
David Bautista Covered Manny Pacquiao Tattoo After Homophobic Statement,,Inignore mo talaga ang weight class difference no hahaa.,1
David Bautista Covered Manny Pacquiao Tattoo After Homophobic Statement,,"Of course no holds barred dapat ang laban üòÅ bawal lang manusok ng mata, mang-kagat, at mang-bayag mala UFC 1 rules",1
David Bautista Covered Manny Pacquiao Tattoo After Homophobic Statement,,"Ako, i have only one rule, kung ang isang tao nagreklamo sa downvote, auto-downvote sa akin un, regardless ano issue.
Puta, internet points iniiyak? lol",1
David Bautista Covered Manny Pacquiao Tattoo After Homophobic Statement,,"Gold fish memory naman yang mga yan, jusko.",1
David Bautista Covered Manny Pacquiao Tattoo After Homophobic Statement,,"Hahaha mag content match nalang sila yun naman uso ngayon üòÇ katulad ginagawa nila jake Paul, Mayweather, saka etong recent meron din si pacquiao dun sa korean üòÇ",1
David Bautista Covered Manny Pacquiao Tattoo After Homophobic Statement,,"Dahil may umutot habang binabasa ko ang iyong meme, kinakaiilangan ko din ng self support. May suicide hotline ka diyan kapatid?",1
David Bautista Covered Manny Pacquiao Tattoo After Homophobic Statement,,"Oo nga. Jusko naiintindihan mo ba ang sequence of events?

OP posted this without context or link.
People like me wonder if there's a development.
Frothing at the mouth of people like you.
???
Profit.

Malinaw na ba?
Bat ba ako nagpapakahirap magexplain sa mababagal ang pickup. LMAO! Bahala na kayo dyan.",1
David Bautista Covered Manny Pacquiao Tattoo After Homophobic Statement,,Kaya sa mga ganitong pagkakataon I just see their downvotes as their own way of coping because they have no logical counter argument in the first place haha.,1
David Bautista Covered Manny Pacquiao Tattoo After Homophobic Statement,,"iniinis ka lang ng mga yan, may sense naman talaga sinasabi mo eh kung open minded lang yung iba dito.",1
David Bautista Covered Manny Pacquiao Tattoo After Homophobic Statement,,"Madaplisan lang si Manny ni Batista tumba na yan lol. 
Iba ang environment na may rules sa street fight. Akala mo naman hahayaan lang ni Batista makalapit si Manny hahaha.",1
David Bautista Covered Manny Pacquiao Tattoo After Homophobic Statement,,"Ayan, nagreply na agad sayo. Haha.",1
David Bautista Covered Manny Pacquiao Tattoo After Homophobic Statement,,"OP posted this without context or link.

Edi ikaw nalang sana naghanap sa mismong interview? 
&#x200B;

People like me wonder if there's a development.

Development saan? Meron man o wala, ano relevance niyan?
&#x200B;

Frothing at the mouth of people like you

lmao
&#x200B;

???

????
&#x200B;

Profit

lmao
&#x200B;

sa mababagal ang pickup

sa'yo pa talaga nanggaling yan no lol",1
David Bautista Covered Manny Pacquiao Tattoo After Homophobic Statement,,mas gusto nila makipag argumento sa size ng ari ni batista HAHAHAHA,1
David Bautista Covered Manny Pacquiao Tattoo After Homophobic Statement,,"Yung converse? Hayaan lang din ba ni Manny na lumapit si Batista? Right target, right timing.",1
David Bautista Covered Manny Pacquiao Tattoo After Homophobic Statement,,"Then may flaw ung system nila then kasi that wasn‚Äôt really that way
Ikaw lang nakakaisip nun hahaha",1
David Bautista Covered Manny Pacquiao Tattoo After Homophobic Statement,,"Indeed. Bat pa tayo nandito kung kanya kanya rin pala ng research.
Rule 11 and 12, my dude.",1
David Bautista Covered Manny Pacquiao Tattoo After Homophobic Statement,,"Right! Alam na niyang kulang yung context, edi sana siya na naghanap.",1
David Bautista Covered Manny Pacquiao Tattoo After Homophobic Statement,,"Lol. Pretending this isn't a form of harassment now, are we? Pag tinadtad ka ng ganyan, ewan ko na lang kung ganyan pa rin tono mo.",1
David Bautista Covered Manny Pacquiao Tattoo After Homophobic Statement,,"It's not wrong to ask for details pero naipon yung frustration mo sa senseless comments tapos nilabas mo doon sa mga comments na may sense naman. That's why you're getting downvoted, because you're carrying over the attitude of the senseless comments to the commenters who are legitimately answering your question. Kaya from the outside looking in, magtataka mga tao dito na bakit ka naggalit eh sinasagot naman yung tanong mo ng maayos.",1